WorkoutType;WorkoutDay;Distance in km;PowerAverage;PowerMax;time;HeartRateAverage;HeartRateMax;TSS;HRZone1Minutes;HRZone2Minutes;HRZone3Minutes;HRZone4Minutes;HRZone5Minutes;PWRZone1Minutes;PWRZone2Minutes;PWRZone3Minutes;PWRZone4Minutes;PWRZone5Minutes;PWRZone6Minutes;time_standardized
Bike;2023-05-25;146,3345781;178;840;05:01:03;118;150;274,81;74;221;6;0;0;102;68;70;39;14;9;05:01:00
Bike;2023-05-26;240,9776406;207;669;07:48:28;125;162;557,03;67;306;75;21;0;125;93;89;78;58;24;07:48:00
MTB;2023-05-28;50,66389063;153;507;02:50:58;120;170;189,98;50;101;7;8;6;84;45;21;5;2;14;02:50:00
Strength;2023-05-29;0;;;01:00:00;;;;;;;;;;;;;;;01:00:00
Bike;2023-05-29;0;;;00:00:00;;;;;;;;;;;;;;;00:00:00
MTB;2023-05-29;29,35805078;110;634;02:11:26;108;142;72,07;57;74;0;0;0;80;32;14;4;1;0;02:11:00
Bike;2023-05-30;93,07717969;177;805;03:55:33;118;170;299,67;60;162;7;6;2;83;70;46;23;5;9;03:55:00
Bike;2023-05-31;80,50309375;183;1282;03:08:14;115;155;233,62;75;81;32;0;0;73;36;23;27;19;11;03:08:00
Day Off;2023-06-01;0;;;00:00:00;;;;;;;;;;;;;;;00:00:00
Bike;2023-06-02;23,7297207;167;696;01:20:12;120;158;78,55;22;50;8;1;0;30;14;19;10;4;2;01:20:00
Bike;2023-06-04;0;;;00:00:00;;;;;;;;;;;;;;;00:00:00
MTB;2023-06-04;69,64564844;148;647;03:25:37;120;146;148,5;49;152;4;0;0;87;68;34;12;3;1;03:25:00
Day Off;2023-06-05;0;;;00:00:00;;;;;;;;;;;;;;;00:00:00
Bike;2023-06-06;0;;;00:00:00;;;;;;;;;;;;;;;00:00:00
MTB;2023-06-06;30,78718945;162;709;01:36:49;125;173;134,03;26;50;8;9;4;48;25;10;4;1;9;01:36:00
Day Off;2023-06-07;0;;;00:00:00;;;;;;;;;;;;;;;00:00:00
MTB;2023-06-07;9,772530273;122;1045;00:47:14;113;138;28,44;17;30;0;0;0;24;17;5;1;0;0;00:47:00
MTB;2023-06-08;18,0960293;143;802;01:09:47;129;156;50,79;14;30;26;0;0;34;14;16;3;1;2;01:09:00
MTB;2023-06-08;0,527820007;160;496;00:28:31;131;166;24,4;2;19;5;2;0;14;9;1;3;1;1;00:28:00
MTB;2023-06-08;9,19;293;1273;00:22:07;171;179;49,02;0;1;0;0;21;9;1;1;1;1;10;00:22:00
MTB;2023-06-09;17,5000293;155;959;01:17:07;135;164;55,24;8;32;34;3;0;36;17;15;3;2;4;01:17:00
MTB;2023-06-10;26,35486914;139;1075;01:49:23;130;159;71,71;21;48;39;3;0;58;22;16;7;3;4;01:49:00
MTB;2023-06-11;0,555469971;153;551;00:31:31;131;167;26,48;4;17;7;3;0;17;6;6;1;0;1;00:31:00
MTB;2023-06-11;24,83382031;250;1214;01:17:34;167;178;138,49;0;0;0;18;59;30;6;5;6;6;25;01:17:00
MTB;2023-06-12;26,84001953;130;466;01:03:32;;;29,54;;;;;;41;18;3;1;0;0;01:03:00
MTB;2023-06-13;60,7025;134;490;02:32:23;114;145;81,78;45;106;1;0;0;85;50;10;5;1;1;02:32:00
MTB;2023-06-14;19,12355078;126;457;01:26:09;107;146;60,12;34;49;3;0;0;53;14;11;6;2;1;01:26:00
MTB;2023-06-15;0;;;00:30:00;;;;;;;;;;;;;;;00:30:00
MTB;2023-06-15;19,89548047;137;1154;00:46:50;114;141;22,95;11;36;0;0;0;32;13;1;1;0;0;00:46:00
MTB;2023-06-15;8,019200195;132;710;00:30:54;129;174;30,94;7;13;6;3;2;19;5;2;2;1;2;00:30:00
MTB;2023-06-15;6,956120117;256;1121;00:21:19;164;177;52,69;0;0;0;9;12;9;1;1;1;2;8;00:21:00
MTB;2023-06-15;0,856460022;168;397;00:31:51;133;164;28,39;3;20;7;3;0;14;8;5;2;2;1;00:31:00
MTB;2023-06-16;10,98223047;135;709;00:53:12;118;150;39,04;17;32;5;0;0;30;8;6;4;3;2;00:53:00
MTB;2023-06-17;23,9092793;170;883;01:28:02;131;166;90,74;9;47;22;9;0;40;17;11;7;4;8;01:28:00
MTB;2023-06-18;3,367719971;162;383;00:38:47;127;155;28,82;5;28;6;0;0;15;16;6;1;0;0;00:38:00
MTB;2023-06-18;20,3555293;252;1073;01:13:56;162;175;159,25;1;0;6;38;29;28;4;4;5;7;27;01:13:00
Strength;2023-06-19;0;;;00:40:00;;;;;;;;;;;;;;;00:40:00
Run;2023-06-19;0;;;00:33:00;;;;;;;;;;;;;;;00:33:00
Run;2023-06-20;5,664540039;;;00:35:36;139;155;43,73;0;17;18;0;0;;;;;;;00:35:00
MTB;2023-06-20;38,74728906;;;01:29:11;123;174;76,61;25;47;6;4;7;;;;;;;01:29:00
MTB;2023-06-21;0;;;00:00:00;;;;;;;;;;;;;;;00:00:00
MTB;2023-06-21;0;;;00:00:00;;;;;;;;;;;;;;;00:00:00
Bike;2023-06-21;23,88838086;0;0;01:03:04;118;162;47,18;20;35;6;2;0;;;;;;;01:03:00
Bike;2023-06-21;49,47837109;185;523;01:57:18;115;157;154,39;47;46;20;6;0;44;19;14;19;10;12;01:57:00
Run;2023-06-22;7,429640137;;;01:05:14;125;168;47,92;21;28;7;7;2;;;;;;;01:05:00
Bike;2023-06-22;29,70000977;166;466;01:12:38;116;142;64,14;22;50;0;0;0;24;15;25;8;0;0;01:12:00
Day Off;2023-06-23;0;;;00:00:00;;;;;;;;;;;;;;;00:00:00
Strength;2023-06-24;0;;;01:00:00;;;;;;;;;;;;;;;01:00:00
MTB;2023-06-24;40,08835938;187;548;02:27:20;117;165;191,01;48;78;19;3;0;53;20;22;24;14;14;02:27:00
MTB;2023-06-25;32,74511914;155;667;02:03:17;118;175;223,84;46;55;5;8;10;71;24;8;3;1;18;02:03:00
Run;2023-06-25;7,502529785;;;00:43:15;137;162;65,19;1;24;15;3;0;;;;;;;00:43:00
Bike;2023-06-27;39,58132813;158;1266;02:18:07;116;157;194,14;47;79;11;1;0;75;35;16;4;2;6;02:18:00
Run;2023-06-27;3,473060059;;;00:22:05;131;153;30,98;2;13;7;0;0;;;;;;;00:22:00
Bike;2023-06-28;10,27683008;133;458;00:27:55;113;138;15,65;9;19;0;0;0;17;6;3;1;1;0;00:27:00
Bike;2023-06-29;0;;;00:00:00;;;;;;;;;;;;;;;00:00:00
MTB;2023-06-29;33,03255859;145;771;01:21:33;120;160;64,77;19;52;9;2;0;45;18;7;6;3;3;01:21:00
MTB;2023-06-29;0,342679993;4;185;00:26:36;142;168;0,52;0;12;11;4;0;27;0;0;0;0;0;00:26:00
MTB;2023-06-29;8,437150391;116;954;00:21:33;173;181;32,68;0;1;0;0;21;15;2;1;1;1;2;00:21:00
MTB;2023-06-29;10,3107998;7;215;00:30:46;128;150;0,49;3;22;6;0;0;31;0;0;0;0;0;00:30:00
Bike;2023-06-30;12,92358984;;;01:01:36;133;163;56,32;5;32;22;3;0;;;;;;;01:01:00
Bike;2023-07-01;22,03133984;33;940;01:26:39;134;168;8,72;14;30;25;17;0;81;3;1;1;0;0;01:26:00
MTB;2023-07-02;22,18310938;85;891;01:15:37;167;179;24,56;0;1;1;18;56;59;7;3;3;1;3;01:15:00
MTB;2023-07-02;2,551679932;1;137;00:40:26;126;160;0,04;6;25;7;2;0;41;0;0;0;0;0;00:40:00
MTB;2023-07-02;6,860419922;3;219;00:22:20;122;141;0,07;3;19;0;0;0;22;0;0;0;0;0;00:22:00
MTB;2023-07-02;6,860419922;3;219;00:22:20;122;141;0,07;3;19;0;0;0;22;0;0;0;0;0;00:22:00
MTB;2023-07-03;26,89289063;214;761;00:58:25;124;148;65,53;5;52;1;0;0;11;14;18;11;3;2;00:58:00
MTB;2023-07-04;52,08960156;195;1021;02:15:24;124;161;187,63;25;90;11;9;0;45;26;28;11;6;19;02:15:00
MTB;2023-07-05;11,77538965;145;1248;00:34:50;110;144;22,54;12;22;0;0;0;17;11;4;2;0;1;00:34:00
MTB;2023-07-06;27,86574023;199;1101;01:27:32;134;169;110,19;8;42;27;9;0;37;14;11;7;4;15;01:27:00
MTB;2023-07-07;11,39825977;170;1332;00:28:48;114;144;25,91;8;21;0;0;0;11;11;5;1;0;1;00:28:00
MTB;2023-07-07;8,047120117;201;589;00:37:38;132;161;46,15;1;28;7;1;0;10;10;5;7;3;2;00:37:00
MTB;2023-07-07;3,672689941;286;1345;00:11:40;170;180;35,52;0;1;0;0;11;6;0;0;0;0;4;00:11:00
MTB;2023-07-08;19,11759961;171;1339;01:06:21;122;156;70,16;16;39;11;0;0;32;11;8;5;3;8;01:06:00
MTB;2023-07-09;11,98758008;169;429;00:29:09;113;138;23,45;9;20;0;0;0;11;9;6;3;0;0;00:29:00
MTB;2023-07-09;10,39741992;225;788;00:42:11;129;163;58,58;2;35;4;1;0;7;10;13;6;4;2;00:42:00
MTB;2023-07-09;25,95868945;289;1151;01:17:53;165;177;207,97;0;0;1;32;45;35;4;3;3;3;30;01:17:00
Run;2023-07-11;0;;;01:00:00;;;;;;;;;;;;;;;01:00:00
MTB;2023-07-12;31,4554707;174;704;01:49:11;121;173;186,94;34;58;6;7;5;50;20;15;6;3;15;01:49:00
Run;2023-07-12;3,554459961;;;00:24:21;128;151;25,88;3;18;3;0;0;;;;;;;00:24:00
MTB;2023-07-13;31,75956055;154;1144;02:03:43;115;143;106,77;42;82;1;0;0;56;23;23;16;4;2;02:03:00
Strength;2023-07-13;0;;;00:00:00;;;;;;;;;;;;;;;00:00:00
Strength;2023-07-13;0;;;00:45:00;;;;;;;;;;;;;;;00:45:00
MTB;2023-07-14;0;;;02:43:60;;;;;;;;;;;;;;;02:43:00
Run;2023-07-14;4,792129883;;;00:31:02;127;152;34,93;2;26;3;0;0;;;;;;;00:31:00
Day Off;2023-07-15;0;;;00:00:00;;;;;;;;;;;;;;;00:00:00
Bike;2023-07-16;51,71348828;177;1735;02:43:02;121;164;264,11;40;101;19;3;0;79;39;21;10;5;10;02:43:00
MTB;2023-07-17;29,65806055;176;1090;01:49:11;124;175;206,57;27;64;3;5;9;49;17;17;7;3;16;01:49:00
MTB;2023-07-17;15,25046973;148;594;01:02:49;120;142;51,51;14;48;0;0;0;28;13;12;8;2;0;01:02:00
Day Off;2023-07-18;0;;;00:00:00;;;;;;;;;;;;;;;00:00:00
Run;2023-07-18;3,576179932;;;00:22:39;131;152;28,48;1;18;4;0;0;;;;;;;00:22:00
MTB;2023-07-19;34,95680078;178;774;01:58:14;121;158;161,73;39;46;26;7;0;48;13;16;15;13;13;01:58:00
Run;2023-07-19;3,856709961;;;00:23:18;128;144;29,36;3;18;2;0;0;;;;;;;00:23:00
MTB;2023-07-20;0;;;00:00:00;;;;;;;;;;;;;;;00:00:00
MTB;2023-07-21;20,00725977;150;2385;01:21:43;120;166;88,04;24;48;6;3;0;45;11;8;7;3;7;01:21:00
MTB;2023-07-22;5,503399902;127;871;00:20:59;;;12,21;;;;;;14;4;2;1;0;1;00:20:00
MTB;2023-07-22;5,17797998;235;1043;00:37:27;137;174;56,58;1;24;7;4;1;7;9;8;6;4;4;00:37:00
MTB;2023-07-22;29,66132031;285;1505;01:27:09;164;180;243,2;0;1;7;36;44;34;3;3;4;5;38;01:27:00
Bike;2023-07-23;27,93709961;;;01:08:39;116;137;45,09;16;53;0;0;0;;;;;;;01:08:00
Bike;2023-07-24;86,64640625;;;03:22:23;126;151;158,95;36;138;29;0;0;;;;;;;03:22:00
MTB;2023-07-25;50,00589063;164;1319;03:15:43;119;147;76,56;46;147;3;0;0;169;11;6;3;1;7;03:15:00
Run;2023-07-25;4,716660156;;;00:33:19;137;152;45,18;20;6;8;0;0;;;;;;;00:33:00
Strength;2023-07-26;0;;;00:40:00;;;;;;;;;;;;;;;00:40:00
Bike;2023-07-26;54,55787109;;;03:44:31;115;140;151,16;65;160;0;0;0;;;;;;;03:44:00
Day Off;2023-07-27;0;;;00:00:00;;;;;;;;;;;;;;;00:00:00
MTB;2023-07-27;18,95756055;;;00:59:31;;;;;;;;;;;;;;;00:59:00
Strength;2023-07-28;0;;;01:10:00;;;;;;;;;;;;;;;01:10:00
Bike;2023-07-28;32,25396094;169;1327;02:02:34;122;161;147,1;26;86;10;2;0;51;29;24;11;3;4;02:02:00
Run;2023-07-28;4,518620117;;;00:24:21;140;162;38,75;0;11;11;2;0;;;;;;;00:24:00
Bike;2023-07-29;57,04296875;157;1062;04:00:01;120;146;209,78;55;183;3;0;0;104;43;47;31;9;6;04:00:00
Bike;2023-07-30;50,90507031;165;1241;02:56:18;122;172;260,92;36;130;5;3;3;72;38;40;14;4;9;02:56:00
MTB;2023-07-30;13,97324023;93;840;01:02:17;111;139;30,65;24;38;0;0;0;44;9;4;2;1;2;01:02:00
Day Off;2023-07-31;0;;;00:00:00;;;;;;;;;;;;;;;00:00:00
MTB;2023-07-31;9,15794043;43;612;00:31:09;;;14,43;;;;;;28;2;0;0;0;1;00:31:00
Bike;2023-08-01;38,80628125;155;1254;02:35:11;123;159;193,42;34;105;14;3;0;69;30;34;13;4;5;02:35:00
Run;2023-08-01;5,791680176;;;00:42:26;132;152;48,44;3;22;17;0;0;;;;;;;00:42:00
Run;2023-08-02;0;;;00:30:00;;;;;;;;;;;;;;;00:30:00
Bike;2023-08-02;39,83392188;146;777;02:50:18;120;150;150,41;43;120;8;0;0;78;28;28;24;9;3;02:50:00
Bike;2023-08-03;0;;;00:00:00;;;;;;;;;;;;;;;00:00:00
Bike;2023-08-03;0;;;00:00:00;;;;;;;;;;;;;;;00:00:00
MTB;2023-08-03;39,48662109;143;867;02:16:09;122;174;228,22;34;88;5;6;4;69;31;21;6;1;9;02:16:00
Run;2023-08-05;10,05886035;;;01:05:51;127;161;84,85;6;50;10;1;0;;;;;;;01:05:00
Bike;2023-08-06;34,925;;;02:14:24;118;144;92,74;27;107;0;0;0;;;;;;;02:14:00
MTB;2023-08-07;26,06771094;182;1038;01:30:46;130;168;105,07;12;48;27;4;1;38;14;12;10;6;11;01:30:00
MTB;2023-08-08;21,6394707;204;1260;01:19:53;143;172;131,67;3;24;31;20;2;35;9;7;7;6;15;01:19:00
MTB;2023-08-09;5,625839844;218;607;00:31:54;137;167;44,32;2;16;11;3;0;8;7;6;5;3;3;00:31:00
MTB;2023-08-09;3,321969971;285;1617;00:11:20;169;179;38,82;0;0;0;0;11;5;1;0;0;0;5;00:11:00
MTB;2023-08-10;20,63739063;172;1271;01:09:25;130;163;69,33;8;35;23;4;0;31;13;8;6;5;6;01:09:00
MTB;2023-08-21;21,57453906;139;548;01:30:14;120;147;56,01;22;67;1;0;0;38;42;8;1;0;0;01:30:00
MTB;2023-08-22;30,86316992;145;1211;01:47:42;123;163;121,92;25;70;9;3;0;57;30;13;3;1;3;01:47:00
Run;2023-08-22;0;;;00:00:00;;;;;;;;;;;;;;;00:00:00
Run;2023-08-23;4,586680176;;;00:32:04;128;148;31,97;1;25;6;0;0;;;;;;;00:32:00
Bike;2023-08-23;25,10040039;;;01:40:45;129;159;53,58;1;59;8;1;0;;;;;;;01:40:00
Strength;2023-08-23;0;;;01:00:00;;;;;;;;;;;;;;;01:00:00
Run;2023-08-24;0;;;00:00:00;;;;;;;;;;;;;;;00:00:00
MTB;2023-08-24;40,49333984;154;471;02:27:23;119;145;127,08;42;101;5;0;0;59;28;39;18;2;1;02:27:00
Day Off;2023-08-25;0;;;00:00:00;;;;;;;;;;;;;;;00:00:00
Run;2023-08-26;0;;;00:00:00;;;;;;;;;;;;;;;00:00:00
Bike;2023-08-26;0;;;00:00:00;;;;;;;;;;;;;;;00:00:00
Strength;2023-08-26;0;;;00:00:00;;;;;;;;;;;;;;;00:00:00
Bike;2023-08-26;61,00839063;136;244;00:30:04;111;125;12,47;12;18;0;0;0;25;5;0;0;0;0;00:30:00
MTB;2023-08-26;20,69196094;155;781;01:22:40;128;157;71,09;16;43;23;0;0;35;14;20;10;2;2;01:22:00
MTB;2023-08-27;80;149;289;02:41:06;125;145;100,93;26;122;13;0;0;71;79;11;0;0;0;02:41:00
MTB;2023-08-28;124,7060469;130;562;01:11:30;125;179;97,94;14;41;3;5;9;58;1;0;0;0;12;01:11:00
Strength;2023-08-28;0;;;01:00:00;;;;;;;;;;;;;;;01:00:00
Day Off;2023-08-29;0;;;00:00:00;;;;;;;;;;;;;;;00:00:00
MTB;2023-08-30;27,51141016;183;991;02:01:29;137;175;194,83;15;54;18;10;25;57;10;11;9;7;27;02:01:00
Bike;2023-08-31;0;;;00:00:00;;;;;;;;;;;;;;;00:00:00
Strength;2023-08-31;0;;;01:00:00;;;;;;;;;;;;;;;01:00:00
MTB;2023-08-31;32,53841016;128;785;02:39:34;117;148;110,16;49;106;4;0;0;84;31;28;13;3;1;02:39:00
MTB;2023-09-01;0;;;00:00:00;;;;;;;;;;;;;;;00:00:00
Bike;2023-09-01;90,73439063;;;03:50:33;126;171;188,85;42;141;45;1;1;;;;;;;03:50:00
Day Off;2023-09-02;0;;;00:00:00;;;;;;;;;;;;;;;00:00:00
MTB;2023-09-03;29,72340039;218;1055;01:37:57;146;178;178,46;10;27;18;12;31;36;9;11;14;6;22;01:37:00
Bike;2023-09-04;0;;;01:10:00;;;;;;;;;;;;;;;01:10:00
Strength;2023-09-04;0;;;01:00:00;;;;;;;;;;;;;;;01:00:00
MTB;2023-09-05;20,98975;167;754;01:07:39;132;178;120,54;8;39;9;4;7;34;12;6;4;1;10;01:07:00
MTB;2023-09-07;59,79237891;16;720;03:12:19;140;168;8,07;12;65;83;30;2;189;2;1;0;0;0;03:12:00
MTB;2023-09-08;10,59034961;12;735;00:50:16;122;161;1,26;15;29;5;1;0;50;0;0;0;0;0;00:50:00
MTB;2023-09-09;16,991;31;659;01:18:60;140;176;12,27;9;26;19;17;8;75;1;1;0;0;1;01:18:00
Bike;2023-09-10;0;;;00:25:00;;;;;;;;;;;;;;;00:25:00
MTB;2023-09-10;0,549440002;0;32;00:28:42;131;168;24,9;4;18;4;2;0;29;0;0;0;0;0;00:28:00
MTB;2023-09-10;16,23120996;;;01:04:46;162;177;110,2;0;1;7;26;31;;;;;;;01:04:00
Bike;2023-09-11;29,77471094;;;01:12:11;126;153;58,82;15;42;15;0;0;;;;;;;01:12:00
MTB;2023-09-12;45,33812109;166;1294;02:26:14;124;161;206,44;39;88;17;4;0;62;42;27;10;2;4;02:26:00
Bike;2023-09-13;64,63578906;;;02:32:02;132;162;147,73;31;53;23;46;0;;;;;;;02:32:00
Day Off;2023-09-15;0;;;00:00:00;;;;;;;;;;;;;;;00:00:00
MTB;2023-09-16;34,42387109;190;942;02:01:24;134;176;164,7;10;69;27;9;6;47;19;19;15;8;13;02:01:00
MTB;2023-09-17;12,99913965;171;536;00:40:07;119;142;34,01;11;29;0;0;0;14;9;12;4;0;0;00:40:00
MTB;2023-09-17;11,36975977;208;1379;00:31:38;133;168;51,26;5;13;9;3;0;10;4;5;5;3;4;00:31:00
MTB;2023-09-17;11,86134961;277;1284;00:42:55;161;175;110,44;0;2;6;16;19;16;2;2;2;3;17;00:42:00
Bike;2023-09-18;0;;;00:00:00;;;;;;;;;;;;;;;00:00:00
MTB;2023-09-18;61,61167188;173;573;03:15:19;120;154;220,13;64;84;47;0;0;76;28;25;39;23;3;03:15:00
Day Off;2023-09-19;0;;;00:00:00;;;;;;;;;;;;;;;00:00:00
Day Off;2023-09-19;0;;;00:00:00;;;;;;;;;;;;;;;00:00:00
Bike;2023-09-19;20,16146094;;;00:50:30;115;150;34,79;17;32;1;0;0;;;;;;;00:50:00
Run;2023-09-20;4,950060059;;;00:32:09;131;156;42,74;2;21;8;1;0;;;;;;;00:32:00
MTB;2023-09-20;85,6175;;;03:02:08;129;172;180,57;46;80;7;20;28;;;;;;;03:02:00
MTB;2023-09-21;47,43173828;193;879;02:35:02;128;162;260;45;51;13;46;0;64;17;11;10;12;41;02:35:00
Run;2023-09-21;3,41951001;;;00:25:17;123;147;30,5;3;19;3;0;0;;;;;;;00:25:00
Day Off;2023-09-22;0;;;00:00:00;;;;;;;;;;;;;;;00:00:00
MTB;2023-09-22;0;;;01:00:00;;;;;;;;;;;;;;;01:00:00
MTB;2023-09-23;37,00523828;172;653;02:11:04;124;170;230,99;32;77;6;9;7;68;19;19;7;2;16;02:11:00
Bike;2023-09-23;0;;;00:00:00;;;;;;;;;;;;;;;00:00:00
MTB;2023-09-23;15,28233984;118;940;01:23:20;114;144;60,97;31;52;0;0;0;47;11;14;8;2;1;01:23:00
Bike;2023-09-24;0;;;00:00:00;;;;;;;;;;;;;;;00:00:00
MTB;2023-09-24;62,69494922;157;1352;03:32:20;115;140;181,19;67;146;0;0;0;90;44;40;25;10;3;03:32:00
MTB;2023-09-26;20,65686914;128;1134;02:30:55;;;122,65;;;;;;85;22;20;15;6;4;02:30:00
MTB;2023-09-27;30,6325293;179;1023;02:36:31;134;176;263,68;18;85;33;6;14;67;23;23;16;7;20;02:36:00
Bike;2023-09-28;0;;;00:00:00;;;;;;;;;;;;;;;00:00:00
Run;2023-09-28;0;;;00:40:60;;;;;;;;;;;;;;;00:40:00
MTB;2023-09-28;28,59858984;177;926;01:45:07;133;164;109,63;9;63;20;13;0;44;17;15;11;7;10;01:45:00
MTB;2023-09-29;11,54144043;172;742;00:49:55;139;160;52,73;3;18;24;5;0;23;7;5;5;3;6;00:49:00
MTB;2023-09-30;24,29826953;171;1072;01:31:50;139;171;122,79;5;40;22;22;3;47;13;8;6;5;13;01:31:00
MTB;2023-10-01;5,19752002;215;633;00:40:05;141;167;53,04;2;14;15;8;0;10;6;9;6;5;3;00:40:00
MTB;2023-10-01;25,42617969;271;1246;01:19:57;162;175;183,04;0;0;6;48;26;30;5;4;5;5;32;01:19:00
Bike;2023-10-02;0;;;00:00:00;;;;;;;;;;;;;;;00:00:00
MTB;2023-10-02;57,20164844;177;1196;02:22:22;128;150;141,65;21;97;25;0;0;50;21;36;25;7;3;02:22:00
MTB;2023-10-04;50,22710938;177;1491;02:19:43;124;160;137,6;17;112;10;0;0;49;37;28;15;6;5;02:19:00
MTB;2023-10-05;34,95360938;186;1284;02:06:24;136;175;144,76;11;63;34;14;4;49;23;21;14;7;12;02:06:00
MTB;2023-10-06;19,34332031;193;1230;01:21:40;137;166;95,44;6;38;30;7;0;31;13;12;9;6;11;01:21:00
MTB;2023-10-07;25,83664063;167;1152;01:50:04;135;175;119,49;11;51;29;16;3;54;15;14;9;6;13;01:50:00
MTB;2023-10-08;17,14125977;239;1174;01:20:09;164;177;176,72;0;1;4;37;39;37;3;3;4;4;30;01:20:00
MTB;2023-10-08;2,374399902;197;470;00:34:12;131;159;40,25;5;20;9;1;0;9;9;6;6;3;1;00:34:00
Run;2023-10-09;6,451450195;;;00:42:34;147;174;60;1;33669;23;7;2;;;;;;;00:42:00
Bike;2023-10-30;46,53114063;;;01:52:03;132;176;98,23;12;68;31;1;1;;;;;;;01:52:00
MTB;2023-10-31;21,21816992;157;443;01:22:52;121;142;71,52;17;65;0;0;0;32;15;27;7;1;0;01:22:00
Run;2023-10-31;0;;;00:00:00;;;;;;;;;;;;;;;00:00:00
Run;2023-11-01;0;;;00:00:00;;;;;;;;;;;;;;;00:00:00
MTB;2023-11-01;32,26582031;;;02:05:18;128;152;101,46;15;92;18;0;0;;;;;;;02:05:00
Bike;2023-11-02;80,88247656;;;03:04:24;129;154;151,8;22;126;36;0;0;;;;;;;03:04:00
Day Off;2023-11-03;0;;;00:00:00;;;;;;;;;;;;;;;00:00:00
Bike;2023-11-04;0;;;00:00:00;;;;;;;;;;;;;;;00:00:00
MTB;2023-11-04;32,04931055;;;01:53:02;130;163;94,94;11;73;25;3;0;;;;;;;01:53:00
Run;2023-11-06;3,968959961;;;00:25:58;132;160;30,12;2;14;8;1;0;;;;;;;00:25:00
MTB;2023-11-06;39,12855078;;;02:39:30;131;169;139,61;14;101;41;4;0;;;;;;;02:39:00
MTB;2023-11-07;37,69901172;;;02:27:04;131;176;150,05;28;82;3;5;29;;;;;;;02:27:00
Bike;2023-11-07;27,30738086;;;01:08:21;119;153;47,79;17;49;2;0;0;;;;;;;01:08:00
Run;2023-11-08;4,68975;;;00:27:07;133;150;37,6;1;18;8;0;0;;;;;;;00:27:00
Bike;2023-11-08;44,06921094;;;03:06:18;121;143;130,44;37;149;0;0;0;;;;;;;03:06:00
Day Off;2023-11-09;0;;;00:00:00;;;;;;;;;;;;;;;00:00:00
Run;2023-11-10;3,614870117;;;00:20:54;129;143;28,63;1;19;1;0;0;;;;;;;00:20:00
MTB;2023-11-10;37,47278125;;;02:46:03;121;160;120,94;39;116;8;3;0;;;;;;;02:46:00
Bike;2023-11-10;14,73491016;;;00:31:03;116;139;20,78;7;24;0;0;0;;;;;;;00:31:00
MTB;2023-11-11;54,75226953;;;03:36:33;127;161;170;24;164;26;2;0;;;;;;;03:36:00
Bike;2023-11-11;7,73577002;;;00:32:05;114;134;11,3;5;13;0;0;0;;;;;;;00:32:00
Run;2023-11-11;4,048959961;;;00:24:33;129;150;36,4;4;13;7;0;0;;;;;;;00:24:00
Run;2023-11-12;0;;;00:00:00;;;;;;;;;;;;;;;00:00:00
Bike;2023-11-12;14,60855957;;;00:33:57;114;139;22,76;11;23;0;0;0;;;;;;;00:33:00
MTB;2023-11-12;54,13514063;;;04:01:15;123;163;181;52;176;7;5;0;;;;;;;04:01:00
Day Off;2023-11-13;0;;;00:00:00;;;;;;;;;;;;;;;00:00:00
Walk;2023-11-13;4,487089844;;;01:25:56;108;137;13,88;40;46;0;0;0;;;;;;;01:25:00
Run;2023-11-14;0;;;00:00:00;;;;;;;;;;;;;;;00:00:00
MTB;2023-11-14;39,05901953;;;02:43:26;121;151;116,39;36;125;3;0;0;;;;;;;02:43:00
Custom;2023-11-14;0;;;00:15:00;;;;;;;;;;;;;;;00:15:00
MTB;2023-11-14;0;;;00:30:00;;;;;;;;;;;;;;;00:30:00
MTB;2023-11-15;44,92060156;;;02:17:44;132;176;154,42;39;55;5;4;34;;;;;;;02:17:00
Bike;2023-11-15;0;;;00:00:00;;;;;;;;;;;;;;;00:00:00
MTB;2023-11-15;9,191639648;;;00:47:51;121;145;35,29;12;33;2;0;0;;;;;;;00:47:00
Run;2023-11-16;4,241120117;;;00:20:10;145;161;40,88;1;2;12;5;0;;;;;;;00:20:00
Bike;2023-11-16;0;;;00:00:00;;;;;;;;;;;;;;;00:00:00
MTB;2023-11-16;47,97423828;;;03:37:45;118;148;150,34;60;157;1;0;0;;;;;;;03:37:00
Day Off;2023-11-17;0;;;00:00:00;;;;;;;;;;;;;;;00:00:00
MTB;2023-11-17;14,07986035;;;00:36:53;106;132;23,59;16;21;0;0;0;;;;;;;00:36:00
MTB;2023-11-17;3,117169922;;;00:27:28;;;;;;;;;;;;;;;00:27:00
Run;2023-11-18;3,824610107;;;00:20:51;133;146;32,11;1;16;5;0;0;;;;;;;00:20:00
MTB;2023-11-18;36,59441016;;;02:29:34;124;157;117,43;30;98;20;1;0;;;;;;;02:29:00
Bike;2023-11-18;17,41584961;;;00:40:18;115;143;27,14;11;29;1;0;0;;;;;;;00:40:00
MTB;2023-11-19;8,56269043;;;01:10:28;96;139;43,32;55;16;0;0;0;;;;;;;01:10:00
Bike;2023-11-19;44,65892188;196;808;02:10:59;128;173;214,02;35;62;4;10;20;56;24;13;5;6;27;02:10:00
Run;2023-11-19;3,244169922;;;00:21:22;117;146;26,17;8;13;1;0;0;;;;;;;00:21:00
Run;2023-11-20;0;;;00:00:00;;;;;;;;;;;;;;;00:00:00
Bike;2023-11-20;16,96798047;;;00:37:21;;;;;;;;;;;;;;;00:37:00
MTB;2023-11-20;22,67423047;;;03:08:38;111;135;102,19;51;107;0;0;0;;;;;;;03:08:00
MTB;2023-11-20;24,44715039;;;01:59:34;108;138;74,55;56;64;0;0;0;;;;;;;01:59:00
Day Off;2023-11-21;0;;;00:00:00;;;;;;;;;;;;;;;00:00:00
Run;2023-11-22;0;;;00:00:00;;;;;;;;;;;;;;;00:00:00
MTB;2023-11-22;0;;;00:00:00;;;;;;;;;;;;;;;00:00:00
Bike;2023-11-22;144,8377344;145;589;05:22:00;125;147;182,68;44;256;22;0;0;172;108;33;7;2;1;05:22:00
MTB;2023-11-23;77,17499219;;;04:30:48;131;176;248,09;30;195;7;4;34;;;;;;;04:30:00
Bike;2023-11-23;0;;;00:00:00;;;;;;;;;;;;;;;00:00:00
Run;2023-11-24;0;;;00:00:00;;;;;;;;;;;;;;;00:00:00
Bike;2023-11-24;14,10521973;;;00:37:05;126;153;30,76;9;22;7;0;0;;;;;;;00:37:00
MTB;2023-11-24;47,50051172;;;03:22:18;123;144;142,52;29;173;1;0;0;;;;;;;03:22:00
MTB;2023-11-25;59,75775;;;04:04:06;121;143;170,67;41;202;1;0;0;;;;;;;04:04:00
MTB;2023-11-26;42,19358984;;;02:52:33;128;158;133,59;15;144;13;1;0;;;;;;;02:52:00
XC-Ski;2023-11-27;10,94875;;;01:02:22;108;126;41,54;32;31;0;0;0;;;;;;;01:02:00
Bike;2023-11-28;23;198;446;00:38:25;122;138;32,7;4;34;0;0;0;6;20;12;0;0;0;00:38:00
Bike;2023-11-28;36,65117969;203;484;01:00:30;136;185;81,35;12;25;6;6;11;24;10;7;7;7;5;01:00:00
Run;2023-11-29;0;;;00:00:00;;;;;;;;;;;;;;;00:00:00
Bike;2023-11-29;32,30673047;128;270;00:20:07;;;8,36;;;;;;13;6;0;0;0;;00:20:00
Run;2023-11-30;9,472969727;;;00:59:10;139;171;84,05;11;25;16;9;0;;;;;;;00:59:00
Run;2023-12-01;10,79294043;;;01:03:04;135;165;97,14;9;42;9;4;0;;;;;;;01:03:00
Run;2023-12-02;7,449740234;;;00:40:56;132;146;65,97;4;37;0;0;0;;;;;;;00:40:00
Custom;2023-12-02;0;;;00:07:60;;;;;;;;;;;;;;;00:07:00
Day Off;2023-12-03;0;;;00:00:00;;;;;;;;;;;;;;;00:00:00
Run;2023-12-04;11,97928027;;;01:03:48;139;155;103,54;3;58;3;0;0;;;;;;;01:03:00
Run;2023-12-05;7,295700195;;;00:40:45;137;162;64,03;2;34;4;0;0;;;;;;;00:40:00
Bike;2023-12-06;28;178;752;00:52:45;131;154;40,74;4;47;0;0;0;10;35;6;1;1;;00:52:00
Other;2023-12-06;10,22091016;;;03:17:21;127;152;145;30;167;0;0;0;;;;;;;03:17:00
Bike;2023-12-07;55,635;169;374;02:26:09;123;145;124,18;44;97;0;0;0;54;22;66;5;0;;02:26:00
XC-Ski;2023-12-07;7,505109863;;;00:51:29;132;156;44,47;12;37;2;0;0;;;;;;;00:51:00
Bike;2023-12-08;32,988;208;364;00:56:53;132;149;58,55;5;52;0;0;0;8;17;20;11;0;;00:56:00
Other;2023-12-09;7,2395;;;01:41:08;126;154;74,68;19;80;2;0;0;;;;;;;01:41:00
Strength;2023-12-09;0;;;01:02:33;77;95;31,47;1;0;0;0;0;;;;;;;01:02:00
Bike;2023-12-10;0;143;264;00:10:42;;;5,64;;;;;;5;5;1;0;0;;00:10:00
Bike;2023-12-11;139,3444375;169;1171;04:10:15;126;164;216,39;69;166;11;2;0;108;50;44;29;19;;04:10:00
Run;2023-12-12;4,080300049;;;00:20:47;136;151;36,28;2;18;0;0;0;;;;;;;00:20:00
Bike;2023-12-12;144,7132344;193;715;04:30:10;134;169;311,78;51;171;40;10;0;93;48;41;44;43;;04:30:00
Strength;2023-12-12;0;;;00:28:09;124;148;15,53;8;3;0;0;0;;;;;;;00:28:00
Bike;2023-12-13;145,7844844;198;1106;04:44:12;137;178;434,5;55;169;18;24;19;106;40;43;34;61;;04:44:00
Strength;2023-12-13;1,302099976;;;00:28:29;108;142;19,24;21;6;0;0;0;;;;;;;00:28:00
Day Off;2023-12-14;0;;;00:00:00;;;;;;;;;;;;;;;00:00:00
Bike;2023-12-14;25,97710938;140;1396;01:01:57;122;160;49,37;23;37;1;0;0;36;11;9;3;3;;01:01:00
Bike;2023-12-15;137,4843438;205;1346;04:49:06;142;183;423,03;26;180;60;22;6;89;45;54;50;51;;04:49:00
Strength;2023-12-15;0;;;00:45:58;83;90;22,22;0;0;0;0;0;;;;;;;00:45:00
Bike;2023-12-16;131,9959063;196;643;04:36:53;133;164;307,57;55;200;22;1;0;84;46;53;59;35;;04:36:00
Strength;2023-12-16;0;;;00:25:00;;;;;;;;;;;;;;;00:25:00
Bike;2023-12-17;183,3594531;192;1373;05:58:42;134;179;540,02;96;182;30;19;33;147;55;45;35;77;;05:58:00
Strength;2023-12-17;0;;;00:32:26;85;97;15,38;5;0;0;0;0;;;;;;;00:32:00
Day Off;2023-12-18;0;;;00:00:00;;;;;;;;;;;;;;;00:00:00
Bike;2023-12-18;26,4962207;104;1280;01:10:28;111;156;35,09;57;11;0;0;0;60;8;1;1;1;;01:10:00
Bike;2023-12-19;136,0130781;214;1192;04:46:41;139;178;393,83;33;214;14;22;5;72;43;81;45;47;;04:46:00
Strength;2023-12-19;0;;;00:20:38;;;;;;;;;;;;;;;00:20:00
Bike;2023-12-20;201,6309844;203;1119;06:11:03;135;171;459,97;75;239;45;14;0;144;54;54;60;59;;06:11:00
Strength;2023-12-20;0;;;00:25:01;85;96;14,1;8;0;0;0;0;;;;;;;00:25:00
Strength;2023-12-21;0;;;00:33:38;96;129;20,6;20;2;0;0;0;;;;;;;00:33:00
Bike;2023-12-21;96,80457031;171;730;03:02:37;126;166;173,45;66;104;10;2;0;91;30;29;17;16;;03:02:00
Strength;2023-12-23;0;;;00:20:43;89;98;9,05;1;0;0;0;0;;;;;;;00:20:00
Bike;2023-12-23;67,268;194;512;02:00:42;127;146;116,21;20;97;0;0;0;24;29;51;15;2;;02:00:00
Bike;2023-12-24;67,982;188;454;02:02:38;126;146;108,29;26;96;0;0;0;29;39;44;10;1;;02:02:00
XC-Ski;2023-12-25;6,062709961;;;2005:00:00;;;;;;;;;;;;;;;2005:00:00
Strength;2023-12-25;0;;;00:31:43;;;;;;;;;;;;;;;00:31:00
MTB;2023-12-25;16,84296094;;;01:02:30;121;148;48;23;37;0;0;0;;;;;;;01:02:00
XC-Ski;2023-12-26;9,560099609;;;01:19:51;118;139;53,91;39;41;0;0;0;;;;;;;01:19:00
XC-Ski;2023-12-27;58,34873047;;;04:02:09;132;152;205,03;41;200;0;0;0;;;;;;;04:02:00
XC-Ski;2023-12-28;50,44748828;;;03:16:52;128;159;152,9;42;154;1;0;0;;;;;;;03:16:00
Bike;2023-12-28;33,386;221;366;01:03:44;134;145;71,69;4;59;0;0;0;6;7;39;11;0;;01:03:00
XC-Ski;2023-12-29;61,90132813;;;04:30:56;131;155;222,18;32;231;8;0;0;;;;;;;04:30:00
Bike;2023-12-29;33,388;231;373;01:01:55;140;154;75,57;3;58;1;0;0;6;5;28;22;1;;01:01:00
MTB;2023-12-30;12,92491016;;;01:01:36;119;152;43,51;26;34;1;0;0;;;;;;;01:01:00
Custom;2023-12-31;0;;;00:00:00;;;;;;;;;;;;;;;00:00:00
XC-Ski;2023-12-31;61,58517969;;;03:13:28;126;153;150,34;32;148;1;0;0;;;;;;;03:13:00
Strength;2023-12-31;0;;;00:50:17;80;87;20,89;;;;;;;;;;;;00:50:00
MTB;2024-01-01;55,87876953;;;02:51:58;126;154;137,85;49;118;1;0;0;;;;;;;02:51:00
MTB;2024-01-01;55,49119922;;;02:49:02;126;154;135,96;47;117;2;0;0;;;;;;;02:49:00
Bike;2024-01-02;63;;;02:00:00;;;;;;;;;;;;;;;02:00:00
MTB;2024-01-02;0;;;01:30:00;;;;;;;;;;;;;;;01:30:00
XC-Ski;2024-01-04;23,29917969;;;01:59:24;135;180;120,18;26;64;7;16;7;;;;;;;01:59:00
Other;2024-01-05;16,69964063;;;03:52:43;119;146;159,22;105;126;0;0;0;;;;;;;03:52:00
Other;2024-01-06;10,37805957;;;00:25:29;;;;;;;;;;;;;;;00:25:00
XC-Ski;2024-01-06;43,76817969;;;03:52:35;123;142;162,64;63;169;0;0;0;;;;;;;03:52:00
Other;2024-01-07;20,45491992;;;01:00:40;118;154;43,04;27;31;0;0;0;;;;;;;01:00:00
Other;2024-01-07;0;;;00:15:00;;;;;;;;;;;;;;;00:15:00
Other;2024-01-07;11,38137012;;;00:36:12;93;114;21,68;21;0;0;0;0;;;;;;;00:36:00
Day Off;2024-01-08;0;;;00:00:00;;;;;;;;;;;;;;;00:00:00
XC-Ski;2024-01-08;10,27696973;;;00:45:18;120;151;30,84;18;28;0;0;0;;;;;;;00:45:00
XC-Ski;2024-01-09;21,92735938;;;01:53:55;129;174;98,72;36;60;5;13;0;;;;;;;01:53:00
Strength;2024-01-09;0;;;00:00:00;;;;;;;;;;;;;;;00:00:00
XC-Ski;2024-01-10;22,39778906;;;01:47:43;133;164;79,63;26;36;22;6;0;;;;;;;01:47:00
Run;2024-01-10;0;;;00:00:00;;;;;;;;;;;;;;;00:00:00
Other;2024-01-10;9,300290039;;;01:13:01;123;156;61,07;32;39;2;0;0;;;;;;;01:13:00
Other;2024-01-10;10,39161035;;;00:27:19;;;;;;;;;;;;;;;00:27:00
Other;2024-01-11;6,443649902;;;01:12:18;112;133;47,18;37;28;0;0;0;;;;;;;01:12:00
Other;2024-01-11;7,890540039;;;02:13:36;122;147;92,33;40;93;0;0;0;;;;;;;02:13:00
Run;2024-01-11;4,611399902;;;00:24:16;128;144;44,7;3;20;0;0;0;;;;;;;00:24:00
Day Off;2024-01-12;0;;;00:00:00;;;;;;;;;;;;;;;00:00:00
Other;2024-01-12;1,408339966;;;00:04:08;;;;;;;;;;;;;;;00:04:00
Other;2024-01-12;18,09615039;;;01:18:09;;;;;;;;;;;;;;;01:18:00
Other;2024-01-13;7,023240234;;;02:39:12;124;161;122,54;34;102;5;0;0;;;;;;;02:39:00
Other;2024-01-13;4,60347998;;;00:38:25;111;140;25,89;30;7;0;0;0;;;;;;;00:38:00
Other;2024-01-14;12,47112988;;;03:09:04;130;173;162,18;37;129;12;5;0;;;;;;;03:09:00
Other;2024-01-14;5,56472998;;;01:14:40;116;150;52,32;39;33;0;0;0;;;;;;;01:14:00
Day Off;2024-01-15;0;;;00:00:00;;;;;;;;;;;;;;;00:00:00
MTB;2024-01-15;18,17365039;;;01:03:24;120;149;48,1;26;36;0;0;0;;;;;;;01:03:00
Bike;2024-01-16;67,77114063;;;03:51:51;124;168;174,39;64;154;9;1;0;;;;;;;03:51:00
Strength;2024-01-17;0;;;00:30:00;;;;;;;;;;;;;;;00:30:00
Other;2024-01-17;0;;;00:15:00;;;;;;;;;;;;;;;00:15:00
Bike;2024-01-17;73,81249219;;;02:49:54;121;151;117,76;51;116;0;0;0;;;;;;;02:49:00
Strength;2024-01-18;0;;;00:15:11;;;;;;;;;;;;;;;00:15:00
Day Off;2024-01-18;72,20660156;;;04:25:24;125;150;198,31;79;185;0;0;0;;;;;;;04:25:00
Run;2024-01-18;4,976819824;;;00:27:19;;;42,24;;;;;;;;;;;;00:27:00
Strength;2024-01-19;0;;;00:15:00;;;;;;;;;;;;;;;00:15:00
Bike;2024-01-19;54,31223828;;;03:28:39;124;161;163,6;70;124;11;0;0;;;;;;;03:28:00
Bike;2024-01-20;64,9505;;;03:23:09;132;174;215,1;67;77;7;47;6;;;;;;;03:23:00
MTB;2024-01-20;3,075530029;;;00:23:36;129;152;19,88;6;18;0;0;0;;;;;;;00:23:00
MTB;2024-01-21;28,21194922;;;01:47:33;125;153;86,5;27;72;2;0;0;;;;;;;01:47:00
Other;2024-01-22;7,210899902;;;02:32:03;;;;;;;;;;;;;;;02:32:00
Bike;2024-01-23;0;;;00:00:00;;;;;;;;;;;;;;;00:00:00
XC-Ski;2024-01-24;0;;;00:00:00;;;;;;;;;;;;;;;00:00:00
Strength;2024-01-24;0;;;01:00:00;;;;;;;;;;;;;;;01:00:00
Bike;2024-01-24;58,567;181;541;01:59:41;119;140;93,19;34;81;0;0;0;18;73;25;3;1;;01:59:00
Bike;2024-01-25;14,6;172;320;00:32:13;;;28,96;;;;;;9;11;9;4;0;;00:32:00
Bike;2024-01-26;50,86319141;139;691;00:45:13;;;27,58;;;;;;19;25;1;0;1;;00:45:00
XC-Ski;2024-01-27;0;;;00:00:00;;;;;;;;;;;;;;;00:00:00
Strength;2024-01-27;0;;;01:00:00;;;;;;;;;;;;;;;01:00:00
MTB;2024-01-27;0,018057001;107;758;01:29:38;109;148;65,32;31;39;0;0;0;52;12;15;8;3;;01:29:00
Day Off;2024-01-28;0;;;00:00:00;;;;;;;;;;;;;;;00:00:00
Bike;2024-01-29;0;;;00:00:00;;;;;;;;;;;;;;;00:00:00
Run;2024-01-29;3,902320068;;;00:24:00;;;35,71;;;;;;;;;;;;00:24:00
MTB;2024-01-29;55,12591016;162;1132;03:41:44;127;169;285,01;74;125;15;6;0;99;51;37;18;17;;03:41:00
Bike;2024-01-30;0;;;00:00:00;;;;;;;;;;;;;;;00:00:00
Strength;2024-01-30;0;;;00:19:60;;;;;;;;;;;;;;;00:19:00
MTB;2024-01-30;26,30399023;168;1043;01:27:48;122;171;119,98;29;34;2;14;0;37;17;12;5;17;;01:27:00
MTB;2024-01-30;17,20881055;125;587;00:53:08;113;149;14,33;28;19;0;0;0;40;8;3;1;1;;00:53:00
Bike;2024-01-31;0;;;00:00:00;;;;;;;;;;;;;;;00:00:00
Strength;2024-01-31;0;;;00:19:60;;;;;;;;;;;;;;;00:19:00
MTB;2024-01-31;38,55162109;168;650;02:22:12;124;171;206,83;58;45;6;28;0;66;21;14;7;34;;02:22:00
MTB;2024-01-31;33,15867188;169;854;02:21:50;130;157;143,7;32;106;3;0;0;54;21;30;23;14;;02:21:00
Day Off;2024-02-01;0;;;00:00:00;;;;;;;;;;;;;;;00:00:00
Run;2024-02-01;4,031469971;;;00:23:45;;;27,53;;;;;;;;;;;;00:23:00
MTB;2024-02-01;5,407379883;163;813;00:30:06;;;26,6;;;;;;13;5;5;3;4;;00:30:00
Bike;2024-02-02;0;;;00:00:00;;;;;;;;;;;;;;;00:00:00
Strength;2024-02-02;0;;;00:19:60;;;;;;;;;;;;;;;00:19:00
MTB;2024-02-02;56,40087109;143;1189;04:02:16;118;162;280,56;86;119;10;1;0;122;51;41;16;12;;04:02:00
Run;2024-02-02;5,137129883;;;00:28:27;;;39,86;;;;;;;;;;;;00:28:00
Bike;2024-02-03;0;;;00:00:00;;;;;;;;;;;;;;;00:00:00
Strength;2024-02-03;0;;;00:18:00;;;;;;;;;;;;;;;00:18:00
MTB;2024-02-03;43,86412109;162;839;03:01:33;126;175;249,69;60;103;5;11;1;81;35;31;13;21;;03:01:00
Run;2024-02-03;6,688149902;;;00:37:36;120;143;1,92;14;23;0;0;0;;;;;;;00:37:00
Bike;2024-02-04;0;;;00:00:00;;;;;;;;;;;;;;;00:00:00
Run;2024-02-04;3,963780029;;;00:25:53;110;130;24,47;18;7;0;0;0;;;;;;;00:25:00
MTB;2024-02-04;64,52398828;163;903;04:03:15;122;171;287,68;84;110;8;26;0;111;53;30;13;36;;04:03:00
Day Off;2024-02-05;0;;;00:00:00;;;;;;;;;;;;;;;00:00:00
Bike;2024-02-06;0;;;00:00:00;;;;;;;;;;;;;;;00:00:00
Bike;2024-02-06;0;;;00:00:00;;;;;;;;;;;;;;;00:00:00
Custom;2024-02-06;0;;;00:12:00;;;;;;;;;;;;;;;00:12:00
MTB;2024-02-06;26,55264063;145;763;01:47:35;115;173;124,47;35;43;1;9;0;55;29;14;2;7;;01:47:00
Run;2024-02-06;12,13541992;;;01:13:23;137;171;112,96;24;15;12;19;0;;;;;;;01:13:00
MTB;2024-02-06;16,30778027;153;1014;01:07:60;120;148;61,49;24;39;0;0;0;31;9;15;9;4;;01:07:00
Bike;2024-02-07;0;;;00:00:00;;;;;;;;;;;;;;;00:00:00
Run;2024-02-07;3,394560059;;;00:25:05;107;137;26,57;15;8;0;0;0;;;;;;;00:25:00
MTB;2024-02-07;80,3539375;144;661;05:14:34;112;143;228,12;127;145;0;0;0;132;89;68;18;7;;05:14:00
Bike;2024-02-08;0;;;00:00:00;;;;;;;;;;;;;;;00:00:00
MTB;2024-02-08;147,7095625;196;800;06:30:03;129;156;431,6;74;305;3;0;0;107;58;97;84;44;;06:30:00
Day Off;2024-02-09;0;;;00:00:00;;;;;;;;;;;;;;;00:00:00
Bike;2024-02-10;0;;;00:00:00;;;;;;;;;;;;;;;00:00:00
Strength;2024-02-10;0;;;00:19:60;;;;;;;;;;;;;;;00:19:00
MTB;2024-02-10;53,48232031;165;1313;04:00:58;119;161;304,57;87;114;8;0;0;101;46;36;22;15;;04:00:00
Bike;2024-02-11;0;;;00:00:00;;;;;;;;;;;;;;;00:00:00
Custom;2024-02-11;0;;;00:10:00;;;;;;;;;;;;;;;00:10:00
Run;2024-02-11;4,673850098;;;00:29:14;121;143;38,61;11;18;0;0;0;;;;;;;00:29:00
MTB;2024-02-11;38,72171875;166;1109;02:46:09;119;173;276,74;80;60;5;12;1;77;34;26;8;20;;02:46:00
Bike;2024-02-12;0;;;00:00:00;;;;;;;;;;;;;;;00:00:00
Strength;2024-02-12;0;;;00:19:60;;;;;;;;;;;;;;;00:19:00
MTB;2024-02-12;48,11632031;198;931;03:07:56;130;176;351,87;55;80;12;30;5;76;26;26;14;47;;03:07:00
Strength;2024-02-12;1,871880005;;;01:00:11;106;147;38,78;32;12;0;0;0;;;;;;;01:00:00
Day Off;2024-02-13;0;;;00:00:00;;;;;;;;;;;;;;;00:00:00
MTB;2024-02-13;2,83098999;90;843;00:20:21;;;13,41;;;;;;14;2;2;1;1;;00:20:00
Strength;2024-02-14;0;;;00:15:00;;;;;;;;;;;;;;;00:15:00
MTB;2024-02-14;59,64405859;171;1491;04:00:48;125;168;373,65;73;149;10;5;0;106;36;41;33;23;;04:00:00
Bike;2024-02-15;0;;;00:00:00;;;;;;;;;;;;;;;00:00:00
Strength;2024-02-15;0;;;00:19:60;;;;;;;;;;;;;;;00:19:00
Custom;2024-02-15;0;;;00:10:60;;;;;;;;;;;;;;;00:10:00
MTB;2024-02-15;48,65476172;182;754;02:59:27;122;170;242,66;59;102;2;4;0;66;20;26;32;36;;02:59:00
Bike;2024-02-16;0;;;00:00:00;;;;;;;;;;;;;;;00:00:00
MTB;2024-02-16;25,87005078;152;867;01:46:38;110;139;89,16;51;42;0;0;0;46;20;27;9;5;;01:46:00
Bike;2024-02-17;0;;;00:00:00;;;;;;;;;;;;;;;00:00:00
Bike;2024-02-17;0;;;00:00:00;;;;;;;;;;;;;;;00:00:00
MTB;2024-02-17;25,59900977;181;1245;01:37:58;125;176;197,25;35;43;6;8;3;44;13;17;11;13;;01:37:00
Run;2024-02-17;5,242910156;;;00:34:54;122;145;43,46;10;22;0;0;0;;;;;;;00:34:00
MTB;2024-02-17;20,77424023;218;786;00:47:05;130;155;62,62;9;35;2;0;0;14;3;6;11;14;;00:47:00
Bike;2024-02-18;0;;;00:00:00;;;;;;;;;;;;;;;00:00:00
MTB;2024-02-18;36,67483984;174;1337;02:37:28;118;153;157,12;47;99;0;0;0;52;26;44;24;11;;02:37:00
Run;2024-02-18;2,847840088;;;00:16:34;126;142;23,31;2;14;0;0;0;;;;;;;00:16:00
MTB;2024-02-20;22,89248047;186;1134;01:34:05;131;180;150,8;24;52;5;6;4;46;10;8;9;21;;01:34:00
Strength;2024-02-21;0;;;00:19:60;;;;;;;;;;;;;;;00:19:00
MTB;2024-02-21;13,25907031;225;1002;00:29:32;137;170;52,89;4;21;3;2;0;9;4;6;3;7;;00:29:00
MTB;2024-02-21;27,14332031;302;1415;01:25:41;166;183;247,07;0;5;13;49;20;27;4;4;5;45;;01:25:00
MTB;2024-02-21;6,656549805;105;370;00:23:10;121;142;9,64;8;15;0;0;0;18;3;1;0;0;;00:23:00
Run;2024-02-22;1,687050049;;;00:11:21;112;131;11,4;7;3;0;0;0;;;;;;;00:11:00
MTB;2024-02-22;13,45192969;157;1260;01:02:28;117;147;57,08;23;36;0;0;0;31;11;7;6;8;;01:02:00
Strength;2024-02-23;0;;;00:19:60;;;;;;;;;;;;;;;00:19:00
MTB;2024-02-23;13,15730957;;;00:57:08;126;164;46,45;16;35;4;2;0;;;;;;;00:57:00
MTB;2024-02-23;7,45572998;;;00:44:45;117;141;30,93;18;25;0;0;0;;;;;;;00:44:00
Strength;2024-02-24;0;;;00:15:00;;;;;;;;;;;;;;;00:15:00
MTB;2024-02-24;11,7019502;228;1381;00:27:22;136;170;62,13;6;16;4;2;0;11;3;2;2;9;;00:27:00
MTB;2024-02-24;7,806299805;134;348;00:23:31;117;139;13,57;10;13;0;0;0;13;6;4;0;0;;00:23:00
MTB;2024-02-24;26,27811914;292;1329;01:25:26;164;179;222,19;0;5;18;56;9;27;3;4;5;46;;01:25:00
Strength;2024-02-25;0;;;00:19:60;;;;;;;;;;;;;;;00:19:00
MTB;2024-02-25;7,264339844;125;965;00:12:41;120;139;7,84;5;8;0;0;0;8;2;2;1;1;;00:12:00
MTB;2024-02-25;12,96466016;218;737;00:34:02;133;171;64,09;9;18;6;1;0;13;1;2;4;14;;00:34:00
MTB;2024-02-25;28,92965039;300;1394;01:26:26;160;179;219,63;0;10;34;42;5;26;4;4;5;47;;01:26:00
MTB;2024-02-26;37,74158984;150;685;01:38:45;107;134;63,05;72;18;0;0;0;45;33;15;4;1;;01:38:00
Bike;2024-02-27;18,50914063;200;734;00:43:37;129;164;60,56;11;28;3;0;0;16;6;7;6;9;;00:43:00
Bike;2024-02-28;26,59676953;169;880;01:09:59;126;162;153,96;25;35;8;1;0;45;9;4;2;9;;01:09:00
Bike;2024-02-29;39,07560938;175;660;01:31:04;122;165;113,8;32;49;4;4;0;37;20;13;10;10;;01:31:00
Bike;2024-02-29;13,15509961;175;766;00:30:36;126;142;28,37;8;23;0;0;0;11;6;6;6;2;;00:30:00
Run;2024-02-29;4,751830078;;;00:26:35;139;149;38,97;0;26;0;0;0;;;;;;;00:26:00
Day Off;2024-03-01;0;;;00:00:00;;;;;;;;;;;;;;;00:00:00
MTB;2024-03-01;0;;;00:40:00;;;;;;;;;;;;;;;00:40:00
Bike;2024-03-02;61,91757813;197;827;02:24:18;131;174;238,47;42;69;5;24;4;57;27;15;8;37;;02:24:00
Strength;2024-03-02;0;;;00:15:00;;;;;;;;;;;;;;;00:15:00
Run;2024-03-02;4,087689941;;;00:20:26;143;166;40,41;0;16;4;0;0;;;;;;;00:20:00
Bike;2024-03-03;57,389;176;394;02:06:51;119;137;98,57;41;81;0;0;0;24;66;34;2;0;;02:06:00
MTB;2024-03-03;13,55358008;;;00:58:50;124;169;45,9;10;40;2;1;0;;;;;;;00:58:00
Bike;2024-03-04;35,61796094;172;630;01:32:22;125;171;153,62;40;35;6;11;0;45;15;9;6;18;;01:32:00
MTB;2024-03-04;21,05657031;144;484;01:25:45;117;142;64;38;44;0;0;0;40;19;17;7;2;;01:25:00
Bike;2024-03-05;100,769;152;432;03:02:44;110;127;98;160;17;0;0;0;84;92;5;1;0;;03:02:00
Day Off;2024-03-06;0;;;00:00:00;;;;;;;;;;;;;;;00:00:00
Bike;2024-03-06;0;;;00:00:00;;;;;;;;;;;;;;;00:00:00
MTB;2024-03-06;18,83946094;152;961;01:03:02;114;144;48,85;33;26;0;0;0;29;17;7;4;6;;01:03:00
Bike;2024-03-07;0;;;00:00:00;;;;;;;;;;;;;;;00:00:00
MTB;2024-03-07;36,46826953;176;702;02:01:09;116;139;116,14;43;69;0;0;0;42;23;30;18;9;;02:01:00
Bike;2024-03-08;0;;;00:00:00;;;;;;;;;;;;;;;00:00:00
Strength;2024-03-08;0;;;00:19:60;;;;;;;;;;;;;;;00:19:00
MTB;2024-03-08;25,18928906;184;1199;01:34:53;132;173;114,73;16;72;3;3;1;44;11;11;8;21;;01:34:00
Bike;2024-03-09;4,46927002;232;567;00:23:40;133;160;33,93;3;18;2;0;0;5;3;5;5;6;;00:23:00
MTB;2024-03-09;6,847040039;109;374;00:27:01;;;12,13;;;;;;19;4;2;1;0;;00:27:00
MTB;2024-03-09;30,86228906;292;1356;01:44:39;161;177;263,05;1;9;39;48;15;38;4;4;5;54;;01:44:00
Bike;2024-03-10;71,04667969;231;484;02:20:14;131;153;193,1;19;113;3;0;0;25;11;33;45;26;;02:20:00
Bike;2024-03-11;0;;;00:00:00;;;;;;;;;;;;;;;00:00:00
Strength;2024-03-11;0;;;00:30:00;;;;;;;;;;;;;;;00:30:00
MTB;2024-03-11;19,47433008;164;631;01:40:49;117;139;91,01;38;60;0;0;0;41;16;21;15;8;;01:40:00
Run;2024-03-11;7,712350098;;;00:41:05;137;155;64,07;2;38;0;0;0;;;;;;;00:41:00
MTB;2024-03-12;27,67178906;174;990;01:33:13;120;166;128,49;30;49;5;3;0;37;13;23;11;9;;01:33:00
MTB;2024-03-12;41,74571875;199;1591;01:28:56;128;161;150,46;21;60;7;1;0;34;20;20;6;8;;01:28:00
Custom;2024-03-13;0;;;00:10:00;;;;;;;;;;;;;;;00:10:00
MTB;2024-03-13;92,40571875;188;745;04:46:59;125;150;319,58;80;199;0;0;0;96;36;56;55;43;;04:46:00
Day Off;2024-03-14;0;;;00:00:00;;;;;;;;;;;;;;;00:00:00
MTB;2024-03-14;7,466569824;156;1077;00:39:13;;;33,48;;;;;;20;3;5;4;6;;00:39:00
MTB;2024-03-15;42,60041016;213;853;01:46:40;125;148;147,52;27;72;0;0;0;27;12;17;31;20;;01:46:00
MTB;2024-03-15;58,672;189;952;02:09:57;123;170;174,49;39;75;5;6;0;46;25;29;18;12;;02:09:00
MTB;2024-03-16;58,01696094;;;04:31:50;116;137;181,48;102;152;0;0;0;;;;;;;04:31:00
MTB;2024-03-17;66,78482031;169;1044;04:35:27;114;144;270,49;92;150;0;0;0;103;42;62;46;22;;04:35:00
Day Off;2024-03-18;0;;;00:00:00;;;;;;;;;;;;;;;00:00:00
MTB;2024-03-19;108,0763438;205;1361;03:26:56;132;175;335,45;57;114;15;16;5;73;33;32;27;43;;03:26:00
Strength;2024-03-19;0;;;00:19:60;;;;;;;;;;;;;;;00:19:00
MTB;2024-03-20;44,88673828;198;482;02:28:45;117;147;196,07;51;80;0;0;0;49;16;20;28;35;;02:28:00
MTB;2024-03-20;17,55803906;174;852;01:08:40;116;140;68;27;36;0;0;0;25;14;13;10;7;;01:08:00
MTB;2024-03-21;67,04239063;181;1054;04:50:07;120;161;297,96;98;181;3;0;0;102;43;58;53;35;;04:50:00
Day Off;2024-03-22;0;;;00:00:00;;;;;;;;;;;;;;;00:00:00
MTB;2024-03-23;47,20087109;197;653;02:45:16;119;149;220,57;54;96;0;0;0;58;14;19;33;42;;02:45:00
MTB;2024-03-23;15,97742969;174;682;01:00:43;117;141;62,34;23;35;0;0;0;22;7;14;12;6;;01:00:00
MTB;2024-03-24;63,90914063;169;640;04:28:23;112;139;259,38;106;127;0;0;0;101;39;61;49;19;;04:28:00
Day Off;2024-03-25;0;;;00:00:00;;;;;;;;;;;;;;;00:00:00
Bike;2024-03-25;23,74016016;156;568;01:07:09;102;128;50,57;36;14;0;0;0;27;20;17;3;0;;01:07:00
MTB;2024-03-26;60,70482813;183;652;02:25:26;124;178;287,19;55;65;6;13;3;64;35;16;7;23;;02:25:00
MTB;2024-03-27;17,67618945;193;530;00:45:38;120;150;48,11;16;28;0;0;0;13;9;11;9;3;;00:45:00
Bike;2024-03-27;0;159;411;02:01:30;117;133;79,66;49;67;0;0;0;32;87;3;0;0;;02:01:00
Bike;2024-03-28;0;;;00:00:00;;;;;;;;;;;;;;;00:00:00
MTB;2024-03-28;18,32083984;175;504;01:03:52;116;138;59,11;25;34;0;0;0;21;12;17;10;3;;01:03:00
MTB;2024-03-29;15,75240039;188;965;01:24:43;135;174;132,7;16;55;10;3;0;38;8;7;10;22;;01:24:00
MTB;2024-03-30;7,015299805;161;460;00:22:14;117;141;16,97;8;12;0;0;0;9;6;6;1;1;;00:22:00
Bike;2024-03-30;2,100409912;191;517;00:25:23;134;162;31,07;5;20;1;0;0;8;7;4;3;3;;00:25:00
MTB;2024-03-30;21,85490039;307;1405;01:22:54;136;176;249,35;14;52;11;5;1;30;3;3;4;43;;01:22:00
MTB;2024-03-30;6,180759766;146;354;00:12:07;112;146;7,4;7;4;0;0;0;5;5;1;0;0;;00:12:00
MTB;2024-04-01;45,73182031;173;568;02:53:46;123;145;157,65;56;116;0;0;0;58;39;44;23;9;;02:53:00
Bike;2024-04-02;23,27567969;108;1352;01:01:26;113;169;65,66;43;10;3;1;0;51;2;1;1;6;;01:01:00
Bike;2024-04-02;0;138;666;00:52:01;117;173;82,45;40;8;1;2;0;39;8;1;0;4;;00:52:00
Day Off;2024-04-03;0;;;00:00:00;;;;;;;;;;;;;;;00:00:00
MTB;2024-04-04;25,20958984;121;882;01:51:32;129;166;78,62;33;62;14;2;0;76;12;8;6;10;;01:51:00
MTB;2024-04-05;7,1405;129;392;00:31:00;110;142;19,75;12;13;0;0;0;17;6;6;2;0;;00:31:00
Bike;2024-04-05;0;173;1133;00:25:29;138;167;25,25;4;16;5;1;0;9;5;7;2;2;;00:25:00
MTB;2024-04-05;8,296150391;207;1115;00:27:41;161;180;60,34;0;8;1;7;13;15;1;1;1;9;;00:27:00
MTB;2024-04-05;4,103439941;46;208;00:19:18;107;126;2,59;17;2;0;0;0;19;1;0;0;0;;00:19:00
MTB;2024-04-06;17,18856055;138;1237;01:07:38;127;166;58,73;25;33;8;1;0;42;9;6;4;7;;01:07:00
Bike;2024-04-07;1,60377002;162;501;00:31:32;126;165;31,52;7;18;3;2;0;14;10;4;1;3;;00:31:00
MTB;2024-04-07;3,970340088;58;410;00:14:59;118;140;3,18;8;7;0;0;0;13;1;0;0;0;;00:14:00
MTB;2024-04-07;25,44350977;244;1178;01:19:53;165;179;167,61;1;5;6;47;22;34;6;5;4;31;;01:19:00
MTB;2024-04-09;48,40805078;157;779;02:28:12;122;167;180,17;53;87;3;3;0;68;36;24;12;8;;02:28:00
MTB;2024-04-11;22,90149023;149;1120;01:38:42;131;164;100,64;22;51;18;1;0;58;12;9;6;14;;01:38:00
MTB;2024-04-12;5,044970215;0;0;00:20:51;;;;;;;;;;;;;;;00:20:00
Bike;2024-04-12;4,935029785;0;0;00:36:31;129;166;34,5;14;12;7;4;0;;;;;;;00:36:00
MTB;2024-04-12;9,466669922;0;0;00:23:15;168;177;49,89;1;1;0;5;17;;;;;;;00:23:00
MTB;2024-04-12;44,18471094;0;0;01:33:33;87;139;51,26;9;14;0;0;0;;;;;;;01:33:00
MTB;2024-04-13;5,890450195;0;0;00:22:01;;;;;;;;;;;;;;;00:22:00
Bike;2024-04-13;4,678810059;0;0;00:31:56;129;161;26,09;6;24;2;0;0;;;;;;;00:31:00
MTB;2024-04-13;25,13642969;31;1946;01:12:48;168;175;2,88;0;0;3;54;15;70;1;1;0;1;;01:12:00
MTB;2024-04-13;14,6497998;97;985;00:36:27;122;136;56,25;12;25;0;0;0;31;4;0;0;2;;00:36:00
MTB;2024-04-14;45,36973047;1;368;02:02:39;126;152;0,43;37;85;0;0;0;123;0;0;0;0;;02:02:00
MTB;2024-04-15;15,52162012;0;0;00:49:02;103;128;30,67;27;9;0;0;0;;;;;;;00:49:00
Bike;2024-04-16;0;;;00:00:00;;;;;;;;;;;;;;;00:00:00
MTB;2024-04-16;64,07391016;0;0;02:50:46;134;171;156,68;28;127;12;4;0;;;;;;;02:50:00
MTB;2024-04-17;15,43325977;26;153;02:53:13;121;173;139,23;66;85;8;3;0;173;0;0;0;0;;02:53:00
MTB;2024-04-18;8,627730469;5;910;00:34:19;139;171;0,37;9;8;13;6;0;34;0;0;0;0;;00:34:00
MTB;2024-04-18;17,39240039;0;0;01:13:01;133;173;71,42;19;36;15;2;0;;;;;;;01:13:00
MTB;2024-04-19;7,668879883;115;296;00:24:43;107;129;11,52;14;7;0;0;0;16;8;1;0;0;;00:24:00
MTB;2024-04-19;6,069350098;164;1093;00:20:59;131;171;33,31;5;12;2;1;0;11;3;2;1;3;;00:20:00
Bike;2024-04-19;0;209;745;00:20:46;130;161;27,47;4;16;1;0;0;5;6;4;2;3;;00:20:00
MTB;2024-04-19;9,404160156;313;1199;00:20:50;170;179;59,08;0;0;0;8;12;7;1;1;1;11;;00:20:00
MTB;2024-04-19;9,465769531;126;653;00:29:29;120;151;17,42;14;16;0;0;0;17;8;3;0;0;;00:29:00
MTB;2024-04-20;8,331620117;104;860;00:35:29;111;159;19,22;18;11;1;0;0;27;4;1;1;2;;00:35:00
Bike;2024-04-20;3,623199951;196;663;00:34:27;128;165;43,26;7;24;2;1;0;10;11;5;5;4;;00:34:00
MTB;2024-04-20;10,29333984;129;404;00:31:43;114;143;18,83;16;13;0;0;0;18;8;5;1;0;;00:31:00
MTB;2024-04-20;20,56493945;272;1257;01:00:46;164;175;133,01;1;1;13;42;9;22;4;4;5;27;;01:00:00
Run;2024-04-24;7,815799805;;;01:00:47;117;148;49,52;20;36;0;0;0;;;;;;;01:00:00
Bike;2024-04-24;0,00531;176;299;01:03:31;115;133;48,53;24;36;0;0;0;12;40;12;1;0;;01:03:00
Run;2024-04-25;6,876339844;;;00:41:26;129;151;60,75;8;33;0;0;0;;;;;;;00:41:00
Strength;2024-04-25;0;;;00:19:60;;;;;;;;;;;;;;;00:19:00
Bike;2024-04-25;30,1267207;193;922;01:46:26;118;142;114,1;35;63;0;0;0;56;7;10;22;12;;01:46:00
Strength;2024-04-26;0;;;00:19:60;;;;;;;;;;;;;;;00:19:00
Bike;2024-04-26;37,185;166;868;02:35:10;117;141;138,7;54;92;0;0;0;59;28;38;22;8;;02:35:00
Strength;2024-04-27;0;;;00:27:00;;;;;;;;;;;;;;;00:27:00
Bike;2024-04-27;28,70014063;183;914;01:24:53;123;172;168;35;38;4;8;0;40;16;11;7;11;;01:24:00
Bike;2024-04-27;31,08030078;213;1065;01:33:15;130;167;203,23;23;55;10;5;0;34;19;16;11;13;;01:33:00
Bike;2024-04-28;100,6460391;207;634;03:23:44;129;155;226,65;41;162;1;0;0;45;40;57;48;14;;03:23:00
Strength;2024-04-28;0;;;00:45:00;;;;;;;;;;;;;;;00:45:00
Day Off;2024-04-29;0;;;00:00:00;;;;;;;;;;;;;;;00:00:00
Bike;2024-04-30;0;;;00:00:00;;;;;;;;;;;;;;;00:00:00
Bike;2024-04-30;0;;;00:00:00;;;;;;;;;;;;;;;00:00:00
MTB;2024-04-30;33,60971875;170;1281;01:52:05;126;162;166,26;38;69;5;0;0;51;17;16;15;12;;01:52:00
MTB;2024-04-30;24,59316992;194;794;01:20:45;131;175;166,88;18;50;5;5;2;33;9;13;10;16;;01:20:00
Strength;2024-05-01;0;;;00:30:00;;;;;;;;;;;;;;;00:30:00
MTB;2024-05-01;49,02735938;168;882;03:16:60;123;150;201,89;58;131;0;0;0;77;24;35;41;20;;03:16:00
Strength;2024-05-03;0;;;00:19:60;;;;;;;;;;;;;;;00:19:00
MTB;2024-05-03;24,24236914;192;818;01:31:27;125;151;111,2;25;65;0;0;0;31;10;15;20;16;;01:31:00
Bike;2024-05-04;5,527779785;251;1009;00:23:48;142;172;47,62;2;13;7;2;0;4;4;3;4;8;;00:23:00
MTB;2024-05-04;4,57725;174;946;00:21:23;132;151;21,79;2;19;0;0;0;9;3;3;2;3;;00:21:00
MTB;2024-05-04;29,875;289;1247;01:32:25;167;182;274,07;10;9;3;10;16;35;3;3;4;47;;01:32:00
Bike;2024-05-05;107,4934688;191;737;03:55:18;127;150;227,56;47;187;0;0;0;59;56;72;42;5;;03:55:00
Walk;2024-05-06;0;;;01:00:00;;;;;;;;;;;;;;;01:00:00
Strength;2024-05-07;0;;;00:25:00;;;;;;;;;;;;;;;00:25:00
Bike;2024-05-07;0;;;00:00:00;;;;;;;;;;;;;;;00:00:00
Strength;2024-05-07;0;;;00:25:00;;;;;;;;;;;;;;;00:25:00
MTB;2024-05-07;41,71921094;210;978;02:07:29;133;176;229,21;31;70;11;17;1;44;15;18;17;35;;02:07:00
Bike;2024-05-08;0;;;00:00:00;;;;;;;;;;;;;;;00:00:00
Strength;2024-05-08;0;;;00:00:00;;;;;;;;;;;;;;;00:00:00
MTB;2024-05-08;13,01687988;179;1060;01:05:49;132;164;94,81;17;37;11;1;0;34;6;5;4;16;;01:05:00
MTB;2024-05-09;7,919540039;182;1012;00:43:10;143;168;58,85;4;26;10;4;0;21;4;3;4;11;;00:43:00
MTB;2024-05-10;4,846080078;156;1240;00:29:13;;;32,82;;;;;;17;3;2;2;5;;00:29:00
Bike;2024-05-10;0,926359985;235;726;00:28:18;142;168;44,01;3;16;7;2;0;5;4;8;6;5;;00:28:00
MTB;2024-05-10;3,230429932;324;1478;00:10:13;171;180;39,72;0;1;0;4;6;4;0;0;0;5;;00:10:00
MTB;2024-05-10;7,223640137;149;511;00:28:30;115;143;12,72;17;11;0;0;0;26;1;1;0;1;;00:28:00
Strength;2024-05-10;0;;;00:45:27;96;135;27,16;18;8;0;0;0;;;;;;;00:45:00
MTB;2024-05-11;7,096459961;167;689;00:36:18;133;157;34,19;7;27;2;0;0;17;6;4;3;6;;00:36:00
Bike;2024-05-11;5,639419922;224;752;00:38:31;134;170;54,05;7;27;2;2;0;11;5;8;7;7;;00:38:00
MTB;2024-05-11;7,593379883;110;350;00:35:60;114;140;17,29;20;15;0;0;0;23;9;3;1;0;;00:35:00
MTB;2024-05-11;22,73716992;292;1233;01:17:46;166;176;205,28;1;1;9;56;14;27;3;4;4;39;;01:17:00
MTB;2024-05-12;8,966660156;205;460;00:28:53;125;147;34,87;3;22;0;0;0;7;2;8;10;2;;00:28:00
Bike;2024-05-13;19,99711914;172;430;00:46:45;;;42,09;;;;;;18;6;14;8;1;;00:46:00
Bike;2024-05-14;0;;;00:00:00;;;;;;;;;;;;;;;00:00:00
Strength;2024-05-14;0;;;00:45:00;;;;;;;;;;;;;;;00:45:00
MTB;2024-05-14;52,16330078;173;1194;02:59:20;122;154;189,44;60;112;1;0;0;69;29;39;30;12;;02:59:00
Run;2024-05-15;0;;;00:00:00;;;;;;;;;;;;;;;00:00:00
MTB;2024-05-15;53,25226172;178;992;03:02:55;122;173;240,66;58;106;2;5;0;69;35;41;24;14;;03:02:00
MTB;2024-05-16;7,920910156;170;843;00:40:05;118;141;35,03;18;21;0;0;0;16;8;7;5;3;;00:40:00
Strength;2024-05-16;0;;;00:19:60;;;;;;;;;;;;;;;00:19:00
MTB;2024-05-17;16,29433008;174;1190;01:17:00;136;170;103,68;14;38;17;5;0;36;6;7;9;19;;01:17:00
Bike;2024-05-18;8,278450195;99;321;00:30:38;115;163;11,11;16;14;0;0;0;25;1;3;2;0;;00:30:00
Bike;2024-05-18;0;233;620;00:31:24;137;170;47,94;3;25;2;2;0;5;7;10;4;6;;00:31:00
MTB;2024-05-18;26,40234961;313;1182;01:27:44;169;182;238,8;19;14;5;18;20;24;4;3;4;53;;01:27:00
MTB;2024-05-19;13,86584961;162;1685;01:05:43;129;162;76,07;9;55;2;0;0;35;10;8;5;9;;01:05:00
MTB;2024-05-19;22,8800293;175;1529;01:38:32;131;167;99,46;16;75;6;2;0;40;17;17;10;14;;01:38:00
MTB;2024-05-20;27,99888086;174;1345;01:38:12;131;165;95,29;18;72;7;1;0;42;15;17;13;10;;01:38:00
Strength;2024-05-20;2,519129883;;;00:36:02;107;135;23,46;18;13;0;0;0;;;;;;;00:36:00
Bike;2024-05-21;0;;;00:00:00;;;;;;;;;;;;;;;00:00:00
MTB;2024-05-21;36,42941016;;;01:58:43;128;163;95,74;27;82;9;1;0;;;;;;;01:58:00
MTB;2024-05-21;28,24833008;195;849;01:18:10;121;155;112,08;27;43;2;0;0;30;9;8;8;24;;01:18:00
MTB;2024-05-22;46,69275;198;794;01:57:45;122;140;126,51;32;82;0;0;0;31;21;30;26;9;;01:57:00
Bike;2024-05-23;14,0749502;174;1201;01:07:29;126;162;77,07;18;45;3;0;0;31;9;8;6;13;;01:07:00
Strength;2024-05-23;2,722889893;;;00:36:14;114;145;24,8;16;16;0;0;0;;;;;;;00:36:00
MTB;2024-05-24;16,0002002;202;1184;01:12:57;129;168;106,99;16;51;4;2;0;29;7;8;10;19;;01:12:00
MTB;2024-05-25;9,002509766;110;1203;00:34:12;106;137;17,35;20;9;0;0;0;23;6;3;1;1;;00:34:00
Bike;2024-05-25;2,22001001;197;898;00:41:00;133;178;68,35;8;24;5;2;1;13;10;7;4;8;;00:41:00
MTB;2024-05-25;24,18864063;301;1502;01:20:23;167;178;244,18;0;1;12;51;19;28;3;3;4;43;;01:20:00
MTB;2024-05-25;4,692640137;102;628;00:14:50;114;132;6,39;10;5;0;0;0;10;3;1;0;0;;00:14:00